sensor_id,timestamp,temperature,humidity,location,sensor_type
1066,2025-04-07 10:16:19,18.13,54.85,BuildingB_Floor2,TypeC
1055,2025-04-08 18:18:56,19.65,54.83,BuildingB_Floor1,TypeC
1064,2025-04-08 12:47:45,16.72,35.21,BuildingB_Floor1,TypeB
1093,2025-04-10 20:16:31,20.85,44.52,BuildingA_Floor2,TypeA
1029,2025-04-10 19:53:19,33.79,42.89,BuildingB_Floor2,TypeB
1054,2025-04-11 10:00:35,25.82,74.56,BuildingA_Floor1,TypeC
1000,2025-04-10 10:34:20,25.38,72.42,BuildingB_Floor2,TypeC
1044,2025-04-11 04:11:44,34.29,35.06,BuildingA_Floor1,TypeB
1074,2025-04-10 12:01:25,33.02,76.62,BuildingA_Floor1,TypeA
1100,2025-04-11 03:35:58,28.35,37.2,BuildingA_Floor2,TypeA
1088,2025-04-08 02:21:39,27.43,55.18,BuildingB_Floor1,TypeC
1087,2025-04-09 07:03:52,25.96,60.86,BuildingA_Floor1,TypeA
1075,2025-04-09 06:42:09,22.82,65.47,BuildingA_Floor2,TypeA
1049,2025-04-08 08:13:06,21.32,33.55,BuildingB_Floor1,TypeB
1037,2025-04-09 14:13:23,32.05,66.62,BuildingA_Floor1,TypeB
1100,2025-04-08 12:14:49,30.97,36.12,BuildingB_Floor1,TypeC
1063,2025-04-07 22:22:36,29.43,41.21,BuildingB_Floor2,TypeB
1012,2025-04-08 11:38:57,33.78,30.78,BuildingA_Floor2,TypeB
1031,2025-04-07 22:55:55,28.11,44.48,BuildingB_Floor2,TypeA
1054,2025-04-08 05:23:21,19.29,53.29,BuildingB_Floor2,TypeB
1039,2025-04-08 19:20:28,24.43,74.33,BuildingB_Floor1,TypeC
1050,2025-04-08 16:33:10,26.97,69.72,BuildingB_Floor2,TypeB
1005,2025-04-09 21:32:04,29.91,44.31,BuildingA_Floor2,TypeC
1035,2025-04-07 02:38:26,29.03,50.73,BuildingB_Floor1,TypeC
1078,2025-04-07 03:00:05,20.66,71.81,BuildingA_Floor1,TypeB
1070,2025-04-09 17:04:17,18.33,38.36,BuildingB_Floor2,TypeB
1063,2025-04-10 07:57:32,21.74,77.47,BuildingA_Floor1,TypeA
1014,2025-04-10 16:32:56,33.16,76.36,BuildingA_Floor2,TypeC
1017,2025-04-07 23:14:25,21.02,67.79,BuildingB_Floor2,TypeB
1088,2025-04-07 11:23:44,17.3,40.52,BuildingB_Floor1,TypeB
1015,2025-04-07 16:24:44,17.15,72.22,BuildingB_Floor2,TypeA
1027,2025-04-10 05:32:03,33.02,37.35,BuildingA_Floor1,TypeA
1044,2025-04-07 09:30:12,34.37,59.62,BuildingA_Floor1,TypeC
1031,2025-04-07 10:57:52,27.83,59.63,BuildingB_Floor1,TypeB
1000,2025-04-07 04:00:06,15.82,52.53,BuildingB_Floor1,TypeC
1089,2025-04-08 08:11:46,33.64,55.13,BuildingA_Floor2,TypeC
1069,2025-04-09 11:37:02,16.16,79.79,BuildingB_Floor2,TypeB
1003,2025-04-11 19:09:46,32.53,70.62,BuildingA_Floor2,TypeC
1046,2025-04-09 20:07:18,22.04,52.99,BuildingA_Floor2,TypeB
1002,2025-04-08 10:20:05,23.36,73.59,BuildingA_Floor2,TypeC
1098,2025-04-11 05:11:47,31.38,63.39,BuildingA_Floor2,TypeA
1063,2025-04-07 21:29:46,15.94,33.41,BuildingA_Floor2,TypeA
1092,2025-04-11 16:37:15,27.22,61.95,BuildingB_Floor1,TypeC
1025,2025-04-11 06:18:55,15.91,66.22,BuildingB_Floor1,TypeB
1002,2025-04-10 22:40:24,15.5,38.57,BuildingA_Floor2,TypeA
1002,2025-04-07 13:25:47,32.49,76.94,BuildingA_Floor1,TypeC
1014,2025-04-07 02:15:42,30.51,59.36,BuildingA_Floor2,TypeC
1056,2025-04-10 02:42:10,25.85,50.38,BuildingB_Floor1,TypeB
1060,2025-04-08 20:31:30,23.36,32.9,BuildingA_Floor2,TypeA
1044,2025-04-09 17:31:22,27.43,77.85,BuildingB_Floor2,TypeA
1016,2025-04-07 20:21:52,22.12,39.76,BuildingB_Floor1,TypeA
1008,2025-04-09 04:37:43,23.88,46.95,BuildingB_Floor2,TypeC
1077,2025-04-10 08:43:56,34.45,48.59,BuildingA_Floor1,TypeC
1012,2025-04-08 07:06:18,25.19,35.13,BuildingB_Floor1,TypeB
1007,2025-04-09 15:26:56,32.39,45.84,BuildingB_Floor1,TypeB
1014,2025-04-11 06:35:00,20.85,40.38,BuildingA_Floor1,TypeC
1068,2025-04-07 10:50:16,16.6,46.83,BuildingA_Floor1,TypeC
1015,2025-04-07 23:37:30,34.6,78.81,BuildingB_Floor1,TypeB
1068,2025-04-08 19:22:27,31.14,70.87,BuildingA_Floor1,TypeC
1026,2025-04-08 13:21:20,18.82,76.8,BuildingB_Floor2,TypeB
1054,2025-04-09 23:24:49,34.35,74.17,BuildingA_Floor2,TypeB
1006,2025-04-09 01:55:31,25.06,44.87,BuildingA_Floor2,TypeA
1025,2025-04-08 12:08:29,28.08,49.2,BuildingA_Floor2,TypeC
1045,2025-04-09 00:34:34,22.0,58.11,BuildingB_Floor2,TypeB
1000,2025-04-08 06:03:46,21.26,50.89,BuildingB_Floor1,TypeB
1012,2025-04-11 04:23:05,30.65,50.28,BuildingB_Floor1,TypeC
1010,2025-04-11 09:54:11,21.91,72.73,BuildingB_Floor2,TypeC
1064,2025-04-07 17:27:31,24.82,39.29,BuildingA_Floor1,TypeC
1053,2025-04-10 11:14:22,27.94,67.45,BuildingA_Floor1,TypeB
1007,2025-04-11 16:22:19,24.12,69.07,BuildingA_Floor2,TypeC
1006,2025-04-11 16:52:55,30.71,55.13,BuildingB_Floor1,TypeB
1053,2025-04-09 18:41:30,24.42,38.49,BuildingA_Floor2,TypeC
1008,2025-04-11 11:46:02,17.76,62.0,BuildingB_Floor2,TypeB
1002,2025-04-11 11:06:09,34.03,52.73,BuildingB_Floor1,TypeC
1076,2025-04-10 07:50:41,29.28,48.38,BuildingB_Floor1,TypeB
1098,2025-04-08 21:25:28,22.64,70.9,BuildingB_Floor2,TypeA
1005,2025-04-11 19:58:06,25.87,39.64,BuildingB_Floor2,TypeA
1100,2025-04-06 23:38:49,23.33,45.6,BuildingA_Floor1,TypeC
1050,2025-04-07 02:06:18,18.9,70.53,BuildingA_Floor2,TypeA
1050,2025-04-11 06:32:48,15.75,61.81,BuildingB_Floor1,TypeC
1041,2025-04-11 14:33:05,23.23,73.93,BuildingA_Floor2,TypeA
1019,2025-04-07 05:27:05,34.88,65.51,BuildingA_Floor2,TypeC
1002,2025-04-10 17:11:15,23.86,57.03,BuildingB_Floor2,TypeA
1016,2025-04-08 02:10:53,16.65,62.4,BuildingB_Floor2,TypeB
1097,2025-04-10 15:48:57,17.85,60.83,BuildingA_Floor1,TypeA
1082,2025-04-07 23:17:55,22.03,67.87,BuildingB_Floor2,TypeC
1044,2025-04-08 05:03:04,18.87,60.11,BuildingA_Floor2,TypeB
1069,2025-04-07 04:22:07,30.99,79.68,BuildingB_Floor1,TypeA
1000,2025-04-09 07:53:40,26.25,37.67,BuildingB_Floor1,TypeC
1026,2025-04-08 00:18:20,22.48,34.57,BuildingA_Floor2,TypeA
1015,2025-04-09 13:30:10,15.46,77.81,BuildingA_Floor1,TypeB
1038,2025-04-10 10:31:30,33.33,35.54,BuildingB_Floor1,TypeC
1021,2025-04-08 18:04:04,15.74,48.53,BuildingB_Floor1,TypeB
1079,2025-04-09 17:38:05,16.3,41.5,BuildingB_Floor2,TypeC
1039,2025-04-11 00:30:38,24.88,66.69,BuildingA_Floor1,TypeC
1044,2025-04-11 02:26:23,32.93,68.67,BuildingB_Floor1,TypeC
1060,2025-04-09 00:54:21,28.72,66.22,BuildingB_Floor2,TypeA
1005,2025-04-07 09:01:12,15.58,52.87,BuildingB_Floor2,TypeC
1005,2025-04-09 16:30:46,32.58,52.66,BuildingB_Floor1,TypeA
1093,2025-04-08 04:57:15,28.14,35.54,BuildingA_Floor2,TypeB
1039,2025-04-09 10:44:50,16.38,44.06,BuildingB_Floor1,TypeC
1028,2025-04-09 13:13:38,34.32,59.56,BuildingB_Floor1,TypeC
1066,2025-04-09 07:47:37,18.66,64.94,BuildingB_Floor2,TypeC
1073,2025-04-10 07:21:46,17.06,74.37,BuildingA_Floor2,TypeC
1065,2025-04-07 18:56:04,29.73,47.86,BuildingB_Floor1,TypeC
1068,2025-04-10 08:30:01,27.15,38.77,BuildingB_Floor2,TypeA
1031,2025-04-11 13:19:54,21.11,52.95,BuildingB_Floor1,TypeB
1034,2025-04-07 22:23:40,32.65,65.24,BuildingB_Floor2,TypeC
1053,2025-04-08 19:36:53,17.17,69.41,BuildingA_Floor2,TypeC
1014,2025-04-08 04:19:23,15.15,62.76,BuildingB_Floor2,TypeC
1094,2025-04-07 15:33:58,22.32,62.94,BuildingB_Floor2,TypeA
1088,2025-04-10 09:57:07,22.24,62.99,BuildingA_Floor2,TypeA
1042,2025-04-08 06:18:24,28.54,33.13,BuildingB_Floor2,TypeA
1078,2025-04-08 14:36:32,25.2,42.41,BuildingB_Floor1,TypeC
1023,2025-04-11 12:43:58,30.52,35.24,BuildingA_Floor1,TypeC
1043,2025-04-08 22:48:19,33.84,75.07,BuildingA_Floor1,TypeA
1092,2025-04-08 15:17:22,32.47,37.71,BuildingA_Floor2,TypeA
1034,2025-04-10 03:16:19,18.07,73.98,BuildingA_Floor1,TypeA
1002,2025-04-09 11:50:21,34.71,38.44,BuildingA_Floor2,TypeB
1012,2025-04-07 09:28:57,21.76,30.55,BuildingA_Floor2,TypeB
1043,2025-04-10 20:39:45,29.83,76.29,BuildingA_Floor2,TypeA
1034,2025-04-09 13:00:02,30.12,66.29,BuildingB_Floor2,TypeB
1005,2025-04-08 09:24:16,23.74,67.56,BuildingB_Floor2,TypeA
1077,2025-04-11 09:34:40,30.25,67.35,BuildingB_Floor2,TypeA
1027,2025-04-08 00:51:46,28.32,55.19,BuildingB_Floor1,TypeB
1096,2025-04-08 06:34:43,22.69,58.66,BuildingA_Floor2,TypeB
1003,2025-04-09 07:44:21,26.22,69.14,BuildingA_Floor2,TypeA
1036,2025-04-10 01:23:46,16.86,41.19,BuildingB_Floor2,TypeC
1070,2025-04-08 08:32:01,27.35,54.58,BuildingB_Floor2,TypeC
1020,2025-04-09 08:57:29,18.61,53.7,BuildingA_Floor1,TypeA
1005,2025-04-08 14:10:29,19.3,44.83,BuildingA_Floor2,TypeB
1072,2025-04-10 04:50:20,15.79,30.01,BuildingA_Floor1,TypeA
1081,2025-04-10 05:33:55,30.85,34.37,BuildingA_Floor2,TypeC
1035,2025-04-08 05:42:15,32.52,54.44,BuildingA_Floor2,TypeB
1085,2025-04-11 11:51:32,17.58,32.9,BuildingA_Floor1,TypeC
1028,2025-04-08 21:25:48,22.0,69.23,BuildingB_Floor1,TypeA
1076,2025-04-11 12:12:44,34.01,67.39,BuildingA_Floor2,TypeA
1066,2025-04-08 04:17:50,17.98,64.06,BuildingA_Floor2,TypeB
1100,2025-04-09 22:49:41,19.65,63.32,BuildingA_Floor1,TypeC
1074,2025-04-08 08:34:28,17.34,37.0,BuildingB_Floor2,TypeB
1013,2025-04-10 18:58:04,27.29,32.77,BuildingA_Floor2,TypeC
1095,2025-04-09 08:19:00,32.55,32.67,BuildingA_Floor1,TypeA
1064,2025-04-10 19:02:17,32.12,38.58,BuildingA_Floor1,TypeA
1077,2025-04-10 21:38:34,25.92,44.04,BuildingB_Floor1,TypeC
1093,2025-04-10 10:18:02,23.96,60.18,BuildingA_Floor1,TypeB
1058,2025-04-10 03:29:01,33.99,45.8,BuildingB_Floor2,TypeB
1055,2025-04-08 23:10:54,23.07,43.26,BuildingB_Floor2,TypeC
1008,2025-04-09 08:14:25,29.72,72.7,BuildingA_Floor1,TypeB
1074,2025-04-07 15:23:00,34.09,68.32,BuildingA_Floor2,TypeA
1040,2025-04-09 02:23:40,21.48,58.58,BuildingA_Floor2,TypeC
1011,2025-04-07 01:05:04,28.33,58.67,BuildingB_Floor1,TypeA
1029,2025-04-09 08:02:10,21.78,78.43,BuildingA_Floor2,TypeC
1065,2025-04-10 10:25:43,29.28,62.57,BuildingA_Floor2,TypeC
1061,2025-04-09 03:02:03,31.24,36.21,BuildingA_Floor1,TypeC
1034,2025-04-09 07:38:10,22.28,75.21,BuildingB_Floor2,TypeC
1095,2025-04-07 21:48:34,16.4,36.97,BuildingB_Floor2,TypeB
1076,2025-04-07 06:54:58,21.65,75.48,BuildingB_Floor2,TypeC
1081,2025-04-10 22:07:51,22.58,77.55,BuildingB_Floor2,TypeB
1064,2025-04-08 14:33:34,16.65,73.1,BuildingB_Floor2,TypeB
1059,2025-04-10 06:00:44,27.14,33.91,BuildingB_Floor1,TypeB
1032,2025-04-09 06:49:29,24.53,67.83,BuildingB_Floor2,TypeB
1073,2025-04-09 03:35:04,32.81,58.45,BuildingB_Floor1,TypeB
1065,2025-04-07 05:05:54,33.39,48.23,BuildingB_Floor2,TypeB
1009,2025-04-08 16:32:42,16.08,35.57,BuildingA_Floor1,TypeC
1099,2025-04-07 01:06:15,16.73,77.41,BuildingB_Floor2,TypeB
1003,2025-04-07 14:01:26,29.07,64.37,BuildingA_Floor1,TypeB
1059,2025-04-10 04:45:46,25.36,63.61,BuildingB_Floor2,TypeC
1031,2025-04-10 11:28:55,15.86,55.19,BuildingB_Floor2,TypeC
1050,2025-04-11 21:43:41,22.5,60.63,BuildingB_Floor2,TypeA
1021,2025-04-07 00:16:37,19.93,43.05,BuildingA_Floor1,TypeA
1006,2025-04-11 07:07:27,24.85,30.92,BuildingB_Floor1,TypeC
1000,2025-04-10 02:48:27,31.15,75.02,BuildingA_Floor2,TypeC
1053,2025-04-10 17:38:22,17.37,77.86,BuildingA_Floor1,TypeB
1015,2025-04-11 21:16:20,34.43,69.27,BuildingA_Floor2,TypeB
1043,2025-04-11 04:05:53,28.68,31.6,BuildingB_Floor2,TypeB
1056,2025-04-10 08:31:11,15.76,63.49,BuildingB_Floor1,TypeC
1049,2025-04-10 22:44:30,26.29,48.44,BuildingA_Floor2,TypeB
1000,2025-04-10 22:54:15,21.0,37.57,BuildingB_Floor1,TypeC
1094,2025-04-07 20:04:01,30.67,35.54,BuildingB_Floor1,TypeC
1055,2025-04-09 11:18:14,20.77,52.53,BuildingB_Floor1,TypeA
1069,2025-04-09 07:34:20,19.58,56.01,BuildingB_Floor2,TypeB
1051,2025-04-10 12:53:58,16.78,38.41,BuildingB_Floor1,TypeC
1049,2025-04-08 14:27:05,17.47,60.18,BuildingA_Floor2,TypeA
1033,2025-04-09 15:50:52,28.9,34.06,BuildingB_Floor1,TypeC
1074,2025-04-08 14:25:25,24.38,36.59,BuildingA_Floor2,TypeC
1087,2025-04-11 09:51:38,25.49,51.85,BuildingA_Floor2,TypeB
1006,2025-04-11 11:20:04,16.51,45.72,BuildingB_Floor2,TypeC
1024,2025-04-09 23:45:34,23.04,32.34,BuildingB_Floor1,TypeB
1056,2025-04-07 04:27:05,15.62,36.66,BuildingA_Floor1,TypeC
1009,2025-04-08 02:14:11,23.54,47.0,BuildingB_Floor2,TypeC
1079,2025-04-08 05:24:31,30.29,72.83,BuildingB_Floor2,TypeC
1100,2025-04-10 13:45:12,32.36,34.18,BuildingA_Floor1,TypeA
1091,2025-04-10 22:30:18,23.5,40.84,BuildingA_Floor2,TypeB
1025,2025-04-08 07:56:43,16.04,68.72,BuildingA_Floor1,TypeC
1096,2025-04-08 18:29:06,24.64,49.94,BuildingB_Floor2,TypeA
1043,2025-04-10 01:11:26,31.46,51.11,BuildingB_Floor2,TypeB
1027,2025-04-07 00:54:30,29.76,31.52,BuildingA_Floor2,TypeC
1006,2025-04-09 07:06:04,15.94,32.33,BuildingB_Floor1,TypeC
1028,2025-04-08 21:39:13,26.88,61.92,BuildingB_Floor2,TypeC
1005,2025-04-09 15:21:58,30.4,55.64,BuildingB_Floor1,TypeA
1093,2025-04-07 15:02:47,32.88,76.79,BuildingA_Floor1,TypeB
1001,2025-04-07 02:32:14,32.68,76.41,BuildingA_Floor1,TypeB
1087,2025-04-10 02:55:22,34.31,53.57,BuildingB_Floor2,TypeC
1023,2025-04-10 09:04:26,25.97,79.85,BuildingB_Floor1,TypeB
1059,2025-04-11 12:46:52,22.81,47.59,BuildingB_Floor1,TypeC
1005,2025-04-09 16:31:07,26.75,49.71,BuildingA_Floor2,TypeC
1086,2025-04-11 17:39:38,34.18,38.89,BuildingB_Floor2,TypeC
1090,2025-04-07 14:53:14,30.99,63.59,BuildingA_Floor2,TypeB
1016,2025-04-10 23:45:32,15.46,54.54,BuildingA_Floor1,TypeC
1087,2025-04-11 03:59:58,22.04,63.92,BuildingA_Floor1,TypeC
1061,2025-04-09 01:22:33,34.08,79.37,BuildingA_Floor1,TypeB
1001,2025-04-08 07:43:24,21.19,60.97,BuildingB_Floor1,TypeC
1047,2025-04-08 01:16:23,19.83,47.96,BuildingA_Floor1,TypeC
1039,2025-04-08 12:32:00,30.03,78.12,BuildingA_Floor2,TypeB
1081,2025-04-11 15:00:02,15.76,39.84,BuildingB_Floor2,TypeB
1030,2025-04-08 05:26:06,24.8,54.13,BuildingA_Floor2,TypeB
1081,2025-04-07 08:51:05,31.08,36.35,BuildingA_Floor2,TypeB
1030,2025-04-11 05:35:40,27.9,69.49,BuildingB_Floor2,TypeB
1028,2025-04-11 08:37:37,27.39,69.04,BuildingA_Floor1,TypeC
1035,2025-04-10 09:17:26,20.89,77.86,BuildingB_Floor1,TypeC
1055,2025-04-08 00:38:13,34.48,44.21,BuildingA_Floor2,TypeB
1077,2025-04-07 07:45:43,30.06,49.35,BuildingB_Floor1,TypeB
1044,2025-04-11 13:08:24,15.96,68.9,BuildingA_Floor2,TypeC
1048,2025-04-07 21:17:11,17.48,58.66,BuildingB_Floor1,TypeA
1077,2025-04-06 23:29:30,18.93,56.42,BuildingA_Floor2,TypeA
1057,2025-04-09 13:11:52,15.46,53.3,BuildingA_Floor1,TypeA
1072,2025-04-10 03:30:20,15.16,63.63,BuildingB_Floor2,TypeB
1020,2025-04-10 03:30:09,17.47,30.96,BuildingB_Floor1,TypeB
1038,2025-04-11 21:56:22,17.3,39.54,BuildingB_Floor2,TypeA
1073,2025-04-10 00:18:56,26.55,31.34,BuildingA_Floor2,TypeB
1036,2025-04-10 18:27:56,31.66,77.54,BuildingB_Floor2,TypeB
1034,2025-04-11 12:03:20,24.51,31.49,BuildingA_Floor1,TypeC
1028,2025-04-11 13:49:01,19.22,47.53,BuildingA_Floor1,TypeA
1063,2025-04-07 04:03:29,16.12,32.79,BuildingB_Floor2,TypeB
1033,2025-04-08 23:55:21,30.88,79.89,BuildingA_Floor2,TypeB
1083,2025-04-11 17:58:45,30.87,66.76,BuildingB_Floor1,TypeB
1031,2025-04-09 14:17:14,28.07,54.17,BuildingA_Floor2,TypeC
1077,2025-04-07 22:00:35,26.23,63.44,BuildingA_Floor2,TypeA
1050,2025-04-10 05:37:16,22.53,34.54,BuildingA_Floor1,TypeB
1030,2025-04-07 16:43:27,20.88,66.35,BuildingB_Floor2,TypeB
1044,2025-04-07 07:36:31,17.12,67.3,BuildingA_Floor2,TypeC
1063,2025-04-11 11:50:49,28.37,47.84,BuildingA_Floor1,TypeC
1042,2025-04-10 02:10:44,32.93,64.4,BuildingA_Floor2,TypeA
1016,2025-04-11 06:55:35,25.63,64.77,BuildingA_Floor2,TypeC
1100,2025-04-11 19:15:14,32.25,46.91,BuildingB_Floor1,TypeC
1049,2025-04-11 10:47:48,23.83,44.72,BuildingB_Floor2,TypeB
1052,2025-04-07 12:57:59,33.29,42.91,BuildingA_Floor2,TypeC
1080,2025-04-10 02:22:39,21.31,67.86,BuildingA_Floor1,TypeA
1098,2025-04-09 06:38:44,19.44,45.27,BuildingB_Floor2,TypeC
1015,2025-04-07 07:00:38,33.0,63.8,BuildingA_Floor2,TypeB
1079,2025-04-11 15:39:41,25.9,52.21,BuildingB_Floor1,TypeC
1003,2025-04-10 22:13:12,26.9,55.23,BuildingA_Floor2,TypeB
1051,2025-04-07 08:13:06,28.17,59.23,BuildingA_Floor1,TypeB
1068,2025-04-11 10:59:54,15.23,53.6,BuildingA_Floor2,TypeB
1045,2025-04-07 15:11:30,23.39,74.32,BuildingA_Floor1,TypeB
1023,2025-04-08 21:27:54,30.35,52.04,BuildingA_Floor2,TypeA
1080,2025-04-10 22:13:49,16.92,75.47,BuildingB_Floor2,TypeC
1014,2025-04-09 21:48:16,31.48,31.31,BuildingB_Floor1,TypeB
1055,2025-04-06 23:50:47,30.61,45.68,BuildingB_Floor1,TypeC
1048,2025-04-09 12:32:55,19.82,58.8,BuildingB_Floor1,TypeC
1034,2025-04-08 14:08:06,29.86,60.11,BuildingA_Floor2,TypeB
1018,2025-04-11 11:27:22,34.92,71.42,BuildingA_Floor2,TypeB
1070,2025-04-08 12:33:29,28.14,70.3,BuildingB_Floor1,TypeA
1091,2025-04-11 15:43:35,26.19,38.39,BuildingA_Floor1,TypeB
1035,2025-04-07 01:00:54,15.38,72.88,BuildingA_Floor1,TypeB
1077,2025-04-07 13:12:50,32.37,41.16,BuildingB_Floor1,TypeB
1001,2025-04-10 07:20:00,24.62,34.16,BuildingA_Floor2,TypeB
1022,2025-04-08 18:29:40,26.24,30.12,BuildingB_Floor1,TypeC
1076,2025-04-09 19:41:15,29.42,50.52,BuildingB_Floor2,TypeA
1090,2025-04-11 19:52:34,16.0,39.97,BuildingB_Floor2,TypeA
1002,2025-04-07 21:06:23,28.44,46.16,BuildingB_Floor2,TypeC
1065,2025-04-08 07:09:44,20.23,52.14,BuildingA_Floor1,TypeA
1026,2025-04-07 05:01:59,22.67,75.36,BuildingB_Floor2,TypeC
1095,2025-04-11 17:45:26,17.51,36.47,BuildingB_Floor1,TypeA
1081,2025-04-08 18:57:35,20.09,49.92,BuildingB_Floor2,TypeC
1000,2025-04-10 18:31:20,33.64,64.54,BuildingB_Floor2,TypeB
1043,2025-04-08 19:14:18,30.46,71.29,BuildingB_Floor1,TypeB
1028,2025-04-07 19:01:07,22.41,55.32,BuildingB_Floor2,TypeB
1065,2025-04-08 07:58:22,25.23,44.57,BuildingB_Floor1,TypeB
1032,2025-04-11 02:17:29,24.48,67.49,BuildingB_Floor1,TypeC
1069,2025-04-09 11:46:45,31.91,73.87,BuildingB_Floor1,TypeC
1084,2025-04-10 16:54:55,15.31,43.48,BuildingA_Floor1,TypeC
1065,2025-04-07 14:17:14,19.08,63.05,BuildingA_Floor1,TypeB
1088,2025-04-11 06:06:59,22.14,35.91,BuildingA_Floor1,TypeA
1093,2025-04-11 01:44:36,24.37,62.91,BuildingB_Floor1,TypeB
1052,2025-04-08 06:54:46,20.79,69.74,BuildingA_Floor1,TypeA
1023,2025-04-08 08:35:52,31.54,47.78,BuildingA_Floor1,TypeA
1046,2025-04-10 05:03:29,20.87,38.35,BuildingA_Floor1,TypeC
1005,2025-04-10 14:49:33,20.3,53.27,BuildingB_Floor2,TypeC
1076,2025-04-10 21:21:48,27.93,56.06,BuildingB_Floor2,TypeB
1017,2025-04-08 06:22:22,27.68,59.23,BuildingB_Floor1,TypeA
1001,2025-04-07 18:42:23,29.79,41.43,BuildingA_Floor2,TypeB
1097,2025-04-08 05:50:26,24.29,67.8,BuildingB_Floor2,TypeC
1061,2025-04-08 11:20:03,25.34,69.05,BuildingA_Floor1,TypeC
1059,2025-04-07 15:28:13,27.81,64.4,BuildingA_Floor1,TypeA
1076,2025-04-09 22:02:46,17.47,74.65,BuildingB_Floor1,TypeB
1072,2025-04-10 08:06:12,33.36,41.16,BuildingA_Floor2,TypeA
1002,2025-04-08 07:25:02,21.9,74.85,BuildingB_Floor1,TypeB
1013,2025-04-08 04:50:41,18.35,47.18,BuildingA_Floor1,TypeB
1029,2025-04-07 10:16:48,26.19,66.35,BuildingB_Floor2,TypeB
1058,2025-04-08 09:16:14,15.87,67.31,BuildingB_Floor1,TypeA
1066,2025-04-10 20:02:00,19.61,69.16,BuildingB_Floor2,TypeB
1011,2025-04-10 02:10:44,26.78,37.55,BuildingB_Floor1,TypeC
1036,2025-04-11 13:30:57,16.69,78.38,BuildingA_Floor2,TypeB
1016,2025-04-10 16:18:00,25.09,64.16,BuildingB_Floor1,TypeC
1091,2025-04-07 05:47:20,17.81,77.19,BuildingA_Floor1,TypeC
1038,2025-04-11 21:26:08,24.57,54.71,BuildingB_Floor1,TypeC
1065,2025-04-08 17:34:41,15.94,45.73,BuildingA_Floor1,TypeA
1084,2025-04-10 14:19:33,32.9,31.5,BuildingA_Floor2,TypeC
1088,2025-04-11 14:29:52,26.59,38.65,BuildingB_Floor1,TypeA
1017,2025-04-07 01:38:30,19.69,58.45,BuildingB_Floor1,TypeB
1052,2025-04-08 03:24:06,34.72,65.0,BuildingA_Floor2,TypeB
1098,2025-04-08 02:17:51,29.58,58.89,BuildingA_Floor1,TypeB
1035,2025-04-08 22:02:42,29.78,54.25,BuildingB_Floor2,TypeB
1051,2025-04-08 08:18:04,20.91,58.67,BuildingB_Floor2,TypeC
1064,2025-04-08 16:46:33,19.14,65.79,BuildingB_Floor1,TypeA
1063,2025-04-10 02:53:31,23.15,44.06,BuildingA_Floor1,TypeA
1043,2025-04-10 17:43:27,31.6,71.18,BuildingA_Floor1,TypeB
1062,2025-04-09 16:06:57,27.09,69.63,BuildingA_Floor2,TypeA
1046,2025-04-11 05:17:57,33.25,68.81,BuildingA_Floor2,TypeA
1059,2025-04-09 04:44:49,25.07,31.38,BuildingB_Floor2,TypeC
1056,2025-04-08 10:16:01,20.14,76.04,BuildingB_Floor2,TypeC
1069,2025-04-11 20:40:07,28.05,51.02,BuildingB_Floor1,TypeB
1020,2025-04-10 22:54:24,29.65,60.16,BuildingA_Floor1,TypeC
1078,2025-04-08 06:36:06,32.46,30.44,BuildingB_Floor1,TypeC
1026,2025-04-08 18:47:00,22.81,35.58,BuildingA_Floor1,TypeB
1046,2025-04-10 06:52:56,33.46,38.45,BuildingB_Floor1,TypeA
1063,2025-04-06 22:23:07,17.69,50.02,BuildingA_Floor1,TypeC
1003,2025-04-10 05:57:35,21.29,38.5,BuildingA_Floor2,TypeA
1056,2025-04-07 03:53:48,18.4,56.36,BuildingA_Floor2,TypeB
1095,2025-04-08 09:41:24,34.18,57.56,BuildingB_Floor2,TypeC
1011,2025-04-08 01:18:00,27.32,78.93,BuildingB_Floor2,TypeC
1004,2025-04-09 15:41:45,18.4,78.99,BuildingB_Floor1,TypeA
1070,2025-04-10 23:04:32,22.18,51.49,BuildingA_Floor1,TypeB
1073,2025-04-10 14:55:29,30.96,49.63,BuildingB_Floor1,TypeB
1033,2025-04-11 13:03:35,32.04,48.54,BuildingA_Floor2,TypeA
1076,2025-04-11 10:55:08,32.52,56.63,BuildingA_Floor2,TypeB
1056,2025-04-10 19:58:24,22.99,38.31,BuildingB_Floor1,TypeC
1035,2025-04-07 16:14:48,34.16,70.74,BuildingB_Floor2,TypeB
1091,2025-04-09 22:55:57,33.23,50.45,BuildingB_Floor2,TypeB
1026,2025-04-08 09:03:46,23.15,39.83,BuildingB_Floor1,TypeC
1088,2025-04-11 07:38:20,28.75,30.14,BuildingA_Floor1,TypeA
1059,2025-04-10 23:16:38,16.78,56.46,BuildingB_Floor1,TypeC
1069,2025-04-09 20:28:27,33.33,51.98,BuildingB_Floor1,TypeA
1019,2025-04-08 11:48:50,26.48,68.44,BuildingA_Floor2,TypeC
1023,2025-04-09 04:15:26,34.82,64.73,BuildingB_Floor1,TypeA
1037,2025-04-09 22:51:13,27.49,72.15,BuildingB_Floor1,TypeA
1062,2025-04-07 09:31:04,18.57,60.29,BuildingB_Floor1,TypeC
1042,2025-04-07 23:51:56,30.08,41.24,BuildingB_Floor2,TypeB
1015,2025-04-11 10:58:54,19.62,53.97,BuildingA_Floor1,TypeC
1081,2025-04-07 14:55:55,32.08,78.98,BuildingB_Floor1,TypeB
1084,2025-04-08 07:50:36,19.2,78.47,BuildingB_Floor1,TypeC
1071,2025-04-11 04:48:30,15.22,39.93,BuildingA_Floor2,TypeB
1019,2025-04-10 22:35:35,34.92,53.69,BuildingB_Floor2,TypeB
1025,2025-04-10 15:44:13,17.44,58.49,BuildingA_Floor1,TypeA
1049,2025-04-10 02:34:04,25.67,50.28,BuildingA_Floor1,TypeB
1023,2025-04-11 08:39:28,34.19,74.68,BuildingA_Floor1,TypeB
1056,2025-04-09 00:10:33,21.99,58.03,BuildingA_Floor2,TypeB
1067,2025-04-10 13:19:15,33.87,70.53,BuildingA_Floor1,TypeB
1072,2025-04-08 05:06:18,26.46,40.26,BuildingA_Floor1,TypeC
1022,2025-04-11 15:39:57,28.05,40.33,BuildingB_Floor2,TypeC
1001,2025-04-07 14:20:24,30.88,67.64,BuildingB_Floor1,TypeA
1008,2025-04-07 01:28:47,25.03,63.47,BuildingA_Floor2,TypeC
1016,2025-04-07 03:18:58,17.31,69.0,BuildingA_Floor2,TypeA
1026,2025-04-08 22:26:12,26.03,63.61,BuildingB_Floor1,TypeA
1033,2025-04-08 14:56:37,16.55,61.41,BuildingB_Floor1,TypeA
1048,2025-04-07 15:16:08,27.33,65.95,BuildingB_Floor1,TypeA
1073,2025-04-11 11:55:12,30.87,59.4,BuildingA_Floor2,TypeA
1070,2025-04-11 12:13:49,22.44,38.49,BuildingB_Floor2,TypeA
1079,2025-04-10 06:09:59,15.94,78.16,BuildingA_Floor1,TypeC
1053,2025-04-08 15:34:52,21.71,43.23,BuildingA_Floor1,TypeA
1000,2025-04-09 20:14:25,31.12,58.55,BuildingA_Floor1,TypeC
1023,2025-04-11 08:48:32,27.32,67.87,BuildingB_Floor1,TypeA
1066,2025-04-10 14:17:14,29.69,30.63,BuildingB_Floor1,TypeC
1068,2025-04-10 06:35:34,23.08,56.96,BuildingB_Floor1,TypeC
1043,2025-04-11 06:40:36,33.72,46.56,BuildingB_Floor1,TypeA
1075,2025-04-09 12:31:31,33.84,43.26,BuildingA_Floor1,TypeA
1085,2025-04-08 13:17:37,23.91,47.41,BuildingB_Floor1,TypeC
1017,2025-04-10 01:47:25,32.14,73.17,BuildingB_Floor2,TypeB
1023,2025-04-10 04:52:09,16.23,61.55,BuildingA_Floor2,TypeA
1092,2025-04-07 22:30:48,30.21,58.95,BuildingA_Floor2,TypeB
1061,2025-04-07 06:33:29,27.42,71.46,BuildingB_Floor2,TypeB
1055,2025-04-10 22:49:43,34.76,44.73,BuildingB_Floor2,TypeA
1029,2025-04-07 12:13:59,25.01,60.68,BuildingA_Floor2,TypeA
1034,2025-04-10 01:52:33,24.05,62.85,BuildingB_Floor2,TypeA
1077,2025-04-07 12:33:02,30.08,60.58,BuildingA_Floor1,TypeA
1014,2025-04-09 18:57:37,31.27,42.44,BuildingB_Floor1,TypeB
1037,2025-04-08 02:50:37,21.74,35.22,BuildingA_Floor2,TypeB
1055,2025-04-08 18:08:24,16.9,63.7,BuildingA_Floor1,TypeA
1032,2025-04-11 10:26:03,17.64,57.19,BuildingA_Floor2,TypeB
1007,2025-04-11 05:31:34,20.03,63.5,BuildingB_Floor2,TypeA
1064,2025-04-11 05:29:16,28.33,73.29,BuildingB_Floor1,TypeA
1066,2025-04-10 14:25:04,34.94,60.9,BuildingB_Floor2,TypeC
1064,2025-04-11 03:33:49,33.37,44.09,BuildingB_Floor2,TypeB
1012,2025-04-10 02:59:51,20.79,77.76,BuildingB_Floor2,TypeB
1087,2025-04-08 04:41:45,23.14,75.1,BuildingA_Floor1,TypeA
1085,2025-04-08 14:38:29,23.21,70.38,BuildingA_Floor2,TypeB
1038,2025-04-10 19:49:28,17.43,71.4,BuildingB_Floor1,TypeB
1062,2025-04-09 21:35:57,16.85,70.2,BuildingA_Floor2,TypeB
1008,2025-04-10 14:29:04,25.07,37.75,BuildingA_Floor2,TypeB
1056,2025-04-10 04:58:43,28.03,64.16,BuildingA_Floor2,TypeB
1040,2025-04-09 05:03:23,23.93,32.85,BuildingB_Floor1,TypeA
1086,2025-04-10 04:33:39,20.05,41.67,BuildingB_Floor1,TypeC
1076,2025-04-07 17:37:50,22.5,63.48,BuildingB_Floor2,TypeA
1082,2025-04-08 10:39:49,15.43,48.75,BuildingA_Floor2,TypeA
1015,2025-04-07 17:47:11,15.52,43.74,BuildingA_Floor1,TypeC
1071,2025-04-10 08:48:33,21.64,46.56,BuildingA_Floor1,TypeB
1005,2025-04-08 18:13:04,21.34,62.34,BuildingB_Floor1,TypeB
1032,2025-04-11 08:00:17,22.48,46.96,BuildingB_Floor1,TypeA
1075,2025-04-09 06:23:28,33.19,72.89,BuildingB_Floor2,TypeA
1019,2025-04-07 06:58:00,28.25,53.61,BuildingB_Floor1,TypeC
1079,2025-04-07 01:08:08,21.71,42.59,BuildingA_Floor1,TypeC
1096,2025-04-10 10:20:05,27.43,71.46,BuildingA_Floor1,TypeA
1096,2025-04-07 01:51:11,33.68,59.9,BuildingA_Floor1,TypeC
1008,2025-04-08 00:12:06,15.75,69.37,BuildingA_Floor1,TypeB
1062,2025-04-11 05:42:06,20.62,62.76,BuildingB_Floor2,TypeC
1044,2025-04-11 14:26:33,22.07,76.1,BuildingB_Floor2,TypeC
1022,2025-04-09 08:48:30,26.55,32.73,BuildingA_Floor2,TypeB
1026,2025-04-10 12:56:26,17.23,68.71,BuildingB_Floor1,TypeC
1075,2025-04-11 22:00:02,20.15,73.09,BuildingA_Floor1,TypeC
1097,2025-04-08 09:20:58,25.78,35.84,BuildingB_Floor2,TypeA
1029,2025-04-08 02:42:54,18.48,67.76,BuildingA_Floor1,TypeC
1028,2025-04-08 03:38:39,34.49,36.76,BuildingB_Floor2,TypeA
1062,2025-04-07 17:48:13,17.75,50.42,BuildingB_Floor2,TypeC
1088,2025-04-10 14:03:42,28.99,63.54,BuildingA_Floor2,TypeB
1084,2025-04-07 03:32:23,15.84,71.94,BuildingB_Floor2,TypeA
1095,2025-04-11 03:18:11,15.56,49.34,BuildingA_Floor1,TypeA
1062,2025-04-07 18:26:34,28.03,63.23,BuildingB_Floor2,TypeC
1059,2025-04-08 01:34:20,20.2,32.85,BuildingA_Floor2,TypeC
1097,2025-04-10 21:43:28,32.63,47.51,BuildingA_Floor1,TypeB
1048,2025-04-08 22:35:27,26.72,52.76,BuildingB_Floor2,TypeC
1049,2025-04-07 04:20:12,22.29,37.98,BuildingB_Floor1,TypeB
1039,2025-04-07 23:22:08,17.28,57.18,BuildingB_Floor2,TypeC
1093,2025-04-09 20:55:08,26.68,31.28,BuildingB_Floor2,TypeB
1065,2025-04-08 14:03:26,23.54,40.54,BuildingB_Floor1,TypeB
1062,2025-04-11 06:50:52,30.28,32.46,BuildingB_Floor1,TypeB
1063,2025-04-11 16:24:20,17.18,66.25,BuildingA_Floor1,TypeB
1007,2025-04-10 00:59:15,24.62,69.03,BuildingA_Floor2,TypeC
1045,2025-04-11 15:48:54,20.91,76.52,BuildingB_Floor2,TypeC
1081,2025-04-11 09:21:01,19.53,41.49,BuildingB_Floor1,TypeA
1001,2025-04-11 05:23:12,30.63,47.26,BuildingB_Floor2,TypeB
1063,2025-04-11 03:07:03,32.42,37.4,BuildingA_Floor2,TypeB
1040,2025-04-07 16:05:53,27.26,38.75,BuildingA_Floor2,TypeA
1096,2025-04-10 20:51:04,30.72,50.84,BuildingB_Floor2,TypeB
1034,2025-04-08 00:38:00,31.4,49.16,BuildingA_Floor2,TypeB
1074,2025-04-11 18:06:56,18.78,55.59,BuildingB_Floor1,TypeC
1100,2025-04-08 03:10:58,29.64,77.17,BuildingA_Floor2,TypeA
1083,2025-04-09 00:41:44,28.55,49.03,BuildingA_Floor2,TypeA
1049,2025-04-08 16:58:59,27.11,44.66,BuildingA_Floor2,TypeA
1024,2025-04-08 04:30:22,33.25,35.92,BuildingA_Floor1,TypeA
1001,2025-04-09 05:26:42,15.86,50.04,BuildingA_Floor2,TypeB
1063,2025-04-10 00:36:00,23.39,44.25,BuildingA_Floor2,TypeC
1020,2025-04-08 21:26:24,29.52,47.54,BuildingB_Floor2,TypeC
1048,2025-04-07 07:45:25,31.21,35.87,BuildingB_Floor1,TypeB
1057,2025-04-11 02:27:10,28.95,41.36,BuildingA_Floor1,TypeC
1033,2025-04-08 18:16:32,32.37,53.28,BuildingA_Floor2,TypeA
1093,2025-04-08 22:36:09,20.65,79.37,BuildingA_Floor2,TypeB
1011,2025-04-09 00:41:30,22.4,36.61,BuildingA_Floor1,TypeC
1009,2025-04-11 14:38:47,17.7,45.69,BuildingB_Floor2,TypeB
1012,2025-04-07 06:31:22,26.12,75.8,BuildingB_Floor1,TypeB
1041,2025-04-10 06:06:09,19.07,68.84,BuildingB_Floor1,TypeC
1050,2025-04-11 17:05:16,32.72,71.47,BuildingA_Floor2,TypeA
1085,2025-04-10 15:08:24,29.35,34.65,BuildingA_Floor1,TypeC
1026,2025-04-07 20:04:31,26.01,73.26,BuildingB_Floor2,TypeB
1043,2025-04-10 06:53:32,24.09,36.11,BuildingA_Floor2,TypeB
1033,2025-04-11 10:37:37,17.53,62.67,BuildingA_Floor2,TypeA
1040,2025-04-08 18:51:24,25.45,79.33,BuildingB_Floor1,TypeC
1043,2025-04-09 17:26:09,26.13,46.77,BuildingA_Floor1,TypeC
1094,2025-04-11 04:20:35,24.32,78.94,BuildingA_Floor1,TypeB
1057,2025-04-09 10:52:06,15.48,71.35,BuildingA_Floor2,TypeC
1002,2025-04-10 01:15:54,20.25,62.18,BuildingB_Floor1,TypeB
1093,2025-04-08 20:18:00,21.62,74.56,BuildingB_Floor1,TypeB
1030,2025-04-08 03:33:01,27.61,56.14,BuildingB_Floor1,TypeA
1090,2025-04-07 21:06:53,16.13,36.41,BuildingA_Floor2,TypeB
1093,2025-04-08 16:04:50,25.81,32.5,BuildingB_Floor1,TypeA
1066,2025-04-09 22:42:16,15.71,33.0,BuildingB_Floor2,TypeB
1064,2025-04-08 04:49:02,16.43,30.48,BuildingB_Floor2,TypeC
1096,2025-04-07 20:23:05,27.99,43.06,BuildingB_Floor2,TypeC
1004,2025-04-09 08:35:49,22.2,43.1,BuildingA_Floor1,TypeC
1022,2025-04-09 21:25:39,23.18,33.87,BuildingA_Floor2,TypeA
1061,2025-04-09 18:23:36,34.88,49.14,BuildingB_Floor2,TypeB
1067,2025-04-08 08:30:50,26.63,37.13,BuildingB_Floor2,TypeC
1074,2025-04-07 04:16:46,17.1,75.05,BuildingB_Floor1,TypeA
1084,2025-04-09 22:30:12,21.0,35.66,BuildingA_Floor1,TypeB
1098,2025-04-11 06:45:49,15.76,32.37,BuildingB_Floor2,TypeC
1056,2025-04-11 01:28:03,26.58,61.17,BuildingB_Floor1,TypeA
1060,2025-04-11 10:19:17,34.88,59.08,BuildingA_Floor1,TypeC
1063,2025-04-11 16:27:38,28.78,41.86,BuildingB_Floor2,TypeA
1049,2025-04-07 14:35:43,25.29,62.16,BuildingB_Floor1,TypeC
1008,2025-04-07 06:30:15,17.84,49.88,BuildingA_Floor1,TypeC
1076,2025-04-08 01:41:59,31.6,62.16,BuildingB_Floor2,TypeB
1057,2025-04-11 00:06:35,33.22,66.83,BuildingB_Floor2,TypeC
1058,2025-04-10 21:52:04,15.91,49.88,BuildingA_Floor2,TypeB
1036,2025-04-08 11:47:23,21.21,51.54,BuildingA_Floor1,TypeB
1099,2025-04-08 08:34:46,26.15,39.63,BuildingA_Floor1,TypeC
1039,2025-04-10 01:59:24,16.52,64.12,BuildingA_Floor2,TypeA
1042,2025-04-10 17:57:53,28.73,77.31,BuildingB_Floor1,TypeA
1035,2025-04-10 22:42:37,20.33,62.53,BuildingB_Floor1,TypeA
1048,2025-04-07 19:26:09,17.3,33.15,BuildingB_Floor2,TypeA
1080,2025-04-09 01:48:53,34.41,34.16,BuildingA_Floor2,TypeC
1031,2025-04-11 14:08:07,32.49,79.26,BuildingA_Floor2,TypeA
1091,2025-04-07 16:08:40,20.61,65.77,BuildingA_Floor2,TypeB
1020,2025-04-07 10:49:52,31.98,38.42,BuildingB_Floor1,TypeA
1072,2025-04-11 12:44:47,25.28,33.74,BuildingA_Floor1,TypeB
1007,2025-04-10 06:11:08,29.0,32.94,BuildingB_Floor2,TypeA
1023,2025-04-11 14:21:50,29.08,36.38,BuildingA_Floor1,TypeB
1060,2025-04-09 01:17:23,18.49,76.95,BuildingB_Floor1,TypeC
1026,2025-04-11 02:25:59,20.12,60.04,BuildingA_Floor2,TypeA
1050,2025-04-10 10:55:17,30.51,55.88,BuildingB_Floor1,TypeC
1069,2025-04-07 04:54:28,19.71,63.75,BuildingA_Floor1,TypeC
1050,2025-04-07 20:26:18,34.98,44.65,BuildingB_Floor2,TypeB
1003,2025-04-08 21:22:21,19.85,30.84,BuildingB_Floor2,TypeC
1053,2025-04-10 15:26:20,16.91,58.46,BuildingA_Floor1,TypeA
1087,2025-04-07 22:44:11,25.86,72.09,BuildingA_Floor1,TypeA
1003,2025-04-09 08:34:07,22.54,72.78,BuildingB_Floor2,TypeB
1096,2025-04-10 15:52:18,34.82,39.68,BuildingB_Floor2,TypeC
1085,2025-04-07 12:11:35,20.93,38.8,BuildingB_Floor2,TypeB
1052,2025-04-11 21:28:51,30.24,54.61,BuildingB_Floor1,TypeB
1061,2025-04-09 15:16:55,19.86,30.3,BuildingB_Floor1,TypeC
1026,2025-04-08 07:22:36,22.35,49.61,BuildingB_Floor2,TypeA
1040,2025-04-09 21:45:44,22.8,51.02,BuildingA_Floor1,TypeC
1033,2025-04-11 12:12:49,33.94,38.79,BuildingA_Floor1,TypeA
1038,2025-04-07 21:22:21,21.28,71.49,BuildingA_Floor2,TypeC
1085,2025-04-11 20:50:26,16.95,62.29,BuildingA_Floor2,TypeA
1019,2025-04-07 06:30:25,19.93,50.85,BuildingB_Floor1,TypeC
1045,2025-04-11 15:09:33,17.31,48.23,BuildingB_Floor2,TypeB
1001,2025-04-11 07:03:14,18.83,41.61,BuildingA_Floor1,TypeC
1065,2025-04-09 17:00:09,19.4,36.5,BuildingB_Floor1,TypeB
1019,2025-04-11 10:29:56,18.6,77.86,BuildingA_Floor1,TypeB
1013,2025-04-11 21:20:07,15.68,70.51,BuildingB_Floor1,TypeB
1053,2025-04-10 02:57:19,18.62,61.47,BuildingB_Floor1,TypeB
1074,2025-04-10 01:12:08,32.86,69.38,BuildingA_Floor2,TypeC
1088,2025-04-10 11:35:26,32.97,57.48,BuildingB_Floor1,TypeA
1019,2025-04-10 01:36:54,31.97,47.87,BuildingB_Floor2,TypeB
1050,2025-04-08 10:40:36,30.42,43.26,BuildingA_Floor2,TypeB
1097,2025-04-08 06:02:26,27.04,73.97,BuildingB_Floor1,TypeA
1010,2025-04-07 17:16:35,15.39,43.95,BuildingB_Floor2,TypeC
1006,2025-04-07 18:53:40,27.34,66.8,BuildingA_Floor2,TypeB
1091,2025-04-07 15:14:33,17.0,53.3,BuildingA_Floor1,TypeC
1061,2025-04-11 00:59:35,18.84,48.88,BuildingB_Floor2,TypeC
1066,2025-04-09 19:56:20,25.99,34.12,BuildingA_Floor1,TypeB
1012,2025-04-09 13:48:25,25.55,66.95,BuildingA_Floor1,TypeA
1017,2025-04-09 17:57:56,32.62,47.46,BuildingA_Floor2,TypeA
1013,2025-04-11 06:00:47,20.95,63.66,BuildingB_Floor1,TypeB
1079,2025-04-11 10:59:23,20.52,62.66,BuildingB_Floor1,TypeA
1054,2025-04-08 16:19:59,34.09,76.78,BuildingB_Floor1,TypeA
1029,2025-04-09 05:40:18,29.25,35.3,BuildingA_Floor1,TypeA
1080,2025-04-08 12:40:08,26.81,39.31,BuildingB_Floor1,TypeA
1022,2025-04-10 21:17:17,19.43,44.3,BuildingB_Floor1,TypeB
1085,2025-04-11 13:11:49,27.35,60.07,BuildingA_Floor2,TypeA
1011,2025-04-07 23:09:51,28.9,64.91,BuildingA_Floor2,TypeA
1001,2025-04-08 06:48:16,29.9,36.76,BuildingA_Floor1,TypeB
1021,2025-04-08 17:08:19,23.46,77.77,BuildingB_Floor2,TypeA
1034,2025-04-08 04:42:45,28.56,32.45,BuildingB_Floor2,TypeB
1021,2025-04-10 10:57:03,32.03,44.59,BuildingB_Floor1,TypeC
1098,2025-04-11 16:18:05,32.72,57.96,BuildingB_Floor1,TypeA
1089,2025-04-08 14:31:59,26.1,42.45,BuildingB_Floor2,TypeA
1012,2025-04-07 06:03:22,33.94,46.97,BuildingA_Floor1,TypeA
1005,2025-04-11 10:18:44,18.69,69.17,BuildingB_Floor1,TypeA
1016,2025-04-11 18:36:26,17.42,76.19,BuildingA_Floor2,TypeB
1054,2025-04-09 00:29:41,17.26,77.52,BuildingB_Floor1,TypeB
1033,2025-04-08 15:47:11,15.89,68.27,BuildingA_Floor1,TypeA
1002,2025-04-07 21:17:00,34.08,64.18,BuildingA_Floor2,TypeC
1009,2025-04-10 15:38:01,15.32,31.21,BuildingA_Floor1,TypeA
1034,2025-04-07 16:09:28,17.56,42.27,BuildingA_Floor2,TypeB
1073,2025-04-10 14:51:16,18.99,77.77,BuildingB_Floor1,TypeA
1022,2025-04-11 11:59:55,34.23,73.18,BuildingA_Floor1,TypeB
1098,2025-04-11 21:58:14,34.83,59.64,BuildingB_Floor2,TypeB
1083,2025-04-07 01:24:47,28.1,77.38,BuildingA_Floor1,TypeB
1013,2025-04-10 21:21:44,26.91,43.05,BuildingA_Floor1,TypeB
1063,2025-04-09 20:53:54,16.77,33.93,BuildingA_Floor1,TypeA
1050,2025-04-11 09:10:12,22.64,41.37,BuildingB_Floor2,TypeB
1089,2025-04-09 18:30:46,27.68,62.69,BuildingB_Floor2,TypeC
1100,2025-04-11 06:58:46,33.71,34.56,BuildingA_Floor1,TypeB
1027,2025-04-08 08:59:07,28.38,61.45,BuildingA_Floor2,TypeB
1076,2025-04-09 09:50:53,24.44,57.34,BuildingB_Floor2,TypeB
1026,2025-04-10 22:43:05,25.37,46.34,BuildingA_Floor1,TypeC
1069,2025-04-11 08:00:51,21.49,33.28,BuildingB_Floor1,TypeB
1039,2025-04-11 17:03:25,24.0,52.26,BuildingA_Floor1,TypeA
1071,2025-04-11 06:04:39,19.7,50.15,BuildingA_Floor1,TypeC
1078,2025-04-11 13:08:58,23.94,53.16,BuildingB_Floor2,TypeC
1036,2025-04-08 16:45:00,19.44,42.15,BuildingA_Floor2,TypeC
1074,2025-04-09 05:14:11,20.52,37.43,BuildingA_Floor1,TypeB
1078,2025-04-11 13:28:53,32.53,45.35,BuildingA_Floor2,TypeC
1054,2025-04-11 14:09:42,21.46,51.77,BuildingB_Floor1,TypeB
1004,2025-04-11 18:53:49,23.95,74.71,BuildingA_Floor2,TypeB
1074,2025-04-07 23:04:05,28.28,34.04,BuildingA_Floor2,TypeB
1037,2025-04-08 22:46:26,24.44,69.06,BuildingB_Floor2,TypeC
1075,2025-04-07 14:15:17,19.2,50.32,BuildingA_Floor2,TypeA
1096,2025-04-07 18:00:28,17.36,36.05,BuildingA_Floor2,TypeA
1014,2025-04-11 08:26:56,33.92,30.13,BuildingA_Floor2,TypeC
1096,2025-04-11 19:39:53,34.39,31.46,BuildingB_Floor1,TypeC
1064,2025-04-10 01:39:39,31.46,38.63,BuildingA_Floor1,TypeC
1030,2025-04-09 08:35:26,24.65,77.19,BuildingA_Floor2,TypeC
1042,2025-04-07 17:41:22,20.68,55.2,BuildingA_Floor2,TypeC
1098,2025-04-08 09:37:35,23.76,35.87,BuildingB_Floor2,TypeB
1091,2025-04-10 22:46:08,28.81,58.23,BuildingA_Floor2,TypeB
1021,2025-04-08 06:27:13,21.46,37.48,BuildingB_Floor2,TypeA
1082,2025-04-09 12:28:16,32.37,38.76,BuildingB_Floor1,TypeA
1019,2025-04-09 04:15:15,16.66,38.0,BuildingB_Floor1,TypeC
1089,2025-04-10 04:30:07,25.48,55.23,BuildingB_Floor2,TypeA
1052,2025-04-11 17:56:03,24.23,69.18,BuildingB_Floor2,TypeC
1096,2025-04-08 11:12:54,16.95,65.01,BuildingB_Floor2,TypeB
1052,2025-04-09 21:03:45,18.18,39.78,BuildingB_Floor2,TypeA
1076,2025-04-11 01:13:04,29.25,48.12,BuildingA_Floor2,TypeB
1067,2025-04-07 17:29:40,29.14,31.52,BuildingA_Floor1,TypeA
1008,2025-04-11 06:00:29,19.98,57.08,BuildingA_Floor2,TypeA
1031,2025-04-08 05:45:45,25.8,40.59,BuildingB_Floor2,TypeB
1026,2025-04-10 21:36:39,33.32,42.07,BuildingA_Floor1,TypeC
1016,2025-04-08 03:06:09,33.94,71.98,BuildingB_Floor2,TypeA
1053,2025-04-09 05:24:09,24.63,74.2,BuildingB_Floor1,TypeC
1095,2025-04-10 20:40:39,17.9,61.9,BuildingA_Floor2,TypeC
1032,2025-04-09 17:29:27,15.35,47.05,BuildingB_Floor1,TypeC
1020,2025-04-07 02:59:33,31.05,72.78,BuildingB_Floor2,TypeA
1017,2025-04-11 02:32:19,31.65,68.61,BuildingB_Floor2,TypeC
1089,2025-04-10 12:59:26,30.47,66.89,BuildingB_Floor1,TypeC
1036,2025-04-09 07:34:30,21.66,45.11,BuildingB_Floor2,TypeC
1060,2025-04-11 17:17:53,25.46,62.23,BuildingB_Floor2,TypeB
1043,2025-04-09 09:44:56,18.35,60.49,BuildingA_Floor2,TypeA
1063,2025-04-07 04:15:04,16.44,75.51,BuildingB_Floor1,TypeA
1073,2025-04-09 03:22:21,31.55,39.72,BuildingA_Floor2,TypeC
1015,2025-04-11 03:04:37,29.76,79.52,BuildingA_Floor2,TypeA
1052,2025-04-08 02:55:14,21.16,62.33,BuildingA_Floor1,TypeC
1061,2025-04-08 06:36:01,29.04,70.24,BuildingB_Floor2,TypeB
1080,2025-04-11 14:58:16,21.44,46.37,BuildingB_Floor1,TypeB
1051,2025-04-10 03:05:23,22.12,75.41,BuildingA_Floor2,TypeA
1028,2025-04-10 09:04:06,30.46,71.22,BuildingB_Floor2,TypeB
1009,2025-04-06 22:29:42,23.1,45.74,BuildingB_Floor2,TypeB
1088,2025-04-10 11:25:42,25.78,37.78,BuildingB_Floor2,TypeC
1009,2025-04-10 00:59:32,17.58,31.09,BuildingB_Floor1,TypeB
1098,2025-04-10 23:12:13,33.33,39.56,BuildingB_Floor2,TypeC
1039,2025-04-09 23:40:14,30.31,69.8,BuildingA_Floor1,TypeC
1052,2025-04-09 11:46:23,27.15,79.27,BuildingB_Floor2,TypeC
1041,2025-04-10 01:40:57,31.55,42.82,BuildingB_Floor2,TypeA
1006,2025-04-09 03:59:33,15.99,73.02,BuildingB_Floor1,TypeA
1002,2025-04-10 01:57:49,24.05,67.66,BuildingA_Floor2,TypeC
1003,2025-04-07 10:09:36,17.28,56.96,BuildingA_Floor2,TypeB
1046,2025-04-10 08:32:59,29.82,72.62,BuildingA_Floor2,TypeC
1061,2025-04-09 06:00:14,34.59,65.23,BuildingB_Floor2,TypeB
1045,2025-04-11 14:30:32,27.08,45.82,BuildingA_Floor2,TypeB
1022,2025-04-08 02:39:30,23.88,41.79,BuildingA_Floor2,TypeB
1029,2025-04-09 10:30:03,26.27,58.3,BuildingA_Floor1,TypeC
1018,2025-04-07 16:09:47,34.45,47.9,BuildingB_Floor1,TypeB
1070,2025-04-11 21:13:49,27.22,52.05,BuildingA_Floor1,TypeB
1055,2025-04-08 13:36:35,33.86,75.77,BuildingA_Floor2,TypeC
1081,2025-04-10 05:21:40,23.83,43.97,BuildingA_Floor2,TypeB
1073,2025-04-09 11:30:56,21.23,57.21,BuildingB_Floor1,TypeA
1046,2025-04-08 23:37:45,25.65,43.91,BuildingA_Floor2,TypeC
1008,2025-04-07 14:23:41,20.35,52.26,BuildingA_Floor2,TypeB
1079,2025-04-11 11:19:39,26.12,47.64,BuildingA_Floor2,TypeC
1016,2025-04-07 09:42:42,23.04,38.66,BuildingA_Floor1,TypeC
1029,2025-04-10 16:25:45,27.15,30.86,BuildingB_Floor1,TypeB
1023,2025-04-10 19:49:01,26.62,43.96,BuildingB_Floor1,TypeC
1063,2025-04-09 11:22:51,17.49,69.85,BuildingB_Floor2,TypeA
1042,2025-04-07 01:30:50,26.5,59.81,BuildingA_Floor1,TypeB
1091,2025-04-11 03:19:26,17.45,36.23,BuildingB_Floor1,TypeB
1040,2025-04-07 02:57:58,19.27,75.9,BuildingB_Floor1,TypeA
1045,2025-04-11 06:31:07,29.01,56.92,BuildingA_Floor2,TypeA
1095,2025-04-08 22:46:54,28.5,72.5,BuildingA_Floor1,TypeB
1029,2025-04-09 00:22:28,15.09,63.48,BuildingA_Floor2,TypeC
1046,2025-04-08 07:28:56,24.92,53.26,BuildingA_Floor2,TypeB
1090,2025-04-09 08:00:42,26.38,40.08,BuildingB_Floor1,TypeC
1097,2025-04-10 10:53:44,20.97,42.68,BuildingB_Floor2,TypeB
1052,2025-04-11 19:21:38,15.57,77.8,BuildingB_Floor1,TypeB
1073,2025-04-11 14:49:14,34.73,65.58,BuildingB_Floor1,TypeB
1060,2025-04-09 15:10:41,26.98,71.86,BuildingA_Floor2,TypeC
1003,2025-04-08 13:34:13,29.11,73.54,BuildingA_Floor2,TypeB
1076,2025-04-10 22:25:08,33.46,53.64,BuildingB_Floor1,TypeC
1082,2025-04-08 08:29:41,25.41,47.69,BuildingA_Floor2,TypeA
1023,2025-04-11 09:56:33,31.02,79.02,BuildingB_Floor1,TypeC
1059,2025-04-09 23:28:11,34.13,44.38,BuildingA_Floor1,TypeB
1089,2025-04-07 08:13:32,26.95,39.95,BuildingB_Floor2,TypeB
1099,2025-04-08 00:20:07,33.85,45.56,BuildingA_Floor1,TypeB
1090,2025-04-08 08:32:17,28.89,57.77,BuildingA_Floor2,TypeA
1036,2025-04-08 03:23:18,28.94,36.2,BuildingB_Floor2,TypeA
1011,2025-04-08 22:29:42,20.99,56.74,BuildingA_Floor1,TypeB
1046,2025-04-10 23:43:14,30.39,60.03,BuildingB_Floor2,TypeC
1042,2025-04-10 10:11:53,21.56,69.21,BuildingB_Floor1,TypeA
1091,2025-04-07 13:29:39,32.84,46.45,BuildingA_Floor2,TypeB
1058,2025-04-10 06:44:57,16.33,38.47,BuildingB_Floor1,TypeC
1034,2025-04-09 09:59:25,15.49,50.37,BuildingB_Floor1,TypeC
1092,2025-04-10 11:12:12,27.91,78.28,BuildingB_Floor1,TypeC
1079,2025-04-10 11:40:20,26.79,68.57,BuildingA_Floor2,TypeB
1037,2025-04-08 09:34:59,19.47,44.1,BuildingB_Floor1,TypeA
1068,2025-04-07 16:54:43,21.66,47.01,BuildingA_Floor1,TypeB
1087,2025-04-09 10:52:04,23.02,50.53,BuildingB_Floor1,TypeA
1021,2025-04-09 14:43:42,21.23,63.63,BuildingB_Floor2,TypeB
1096,2025-04-10 18:43:58,18.69,59.99,BuildingB_Floor2,TypeA
1007,2025-04-08 08:22:38,19.45,41.36,BuildingB_Floor1,TypeC
1049,2025-04-10 21:56:32,21.44,59.0,BuildingA_Floor1,TypeC
1012,2025-04-09 16:52:02,16.47,73.96,BuildingB_Floor2,TypeC
1087,2025-04-11 13:40:58,24.81,69.96,BuildingA_Floor1,TypeC
1051,2025-04-09 02:49:18,21.96,52.43,BuildingA_Floor1,TypeA
1047,2025-04-09 15:03:15,26.48,56.64,BuildingB_Floor2,TypeA
1052,2025-04-09 08:32:13,31.44,54.78,BuildingA_Floor2,TypeC
1100,2025-04-11 14:34:10,21.13,76.98,BuildingA_Floor2,TypeA
1051,2025-04-11 18:11:25,22.23,66.84,BuildingB_Floor2,TypeC
1047,2025-04-09 16:11:27,15.33,42.01,BuildingA_Floor1,TypeC
1091,2025-04-08 06:46:35,16.25,74.85,BuildingB_Floor1,TypeA
1047,2025-04-11 09:25:16,30.24,44.54,BuildingA_Floor2,TypeB
1074,2025-04-07 19:09:25,18.07,34.9,BuildingA_Floor1,TypeB
1082,2025-04-09 18:06:35,22.05,33.85,BuildingA_Floor1,TypeC
1080,2025-04-07 17:22:17,29.57,79.33,BuildingB_Floor1,TypeC
1037,2025-04-10 08:53:40,34.05,57.52,BuildingA_Floor1,TypeC
1076,2025-04-08 18:39:11,21.27,38.18,BuildingB_Floor2,TypeB
1065,2025-04-09 18:46:43,22.73,45.64,BuildingB_Floor2,TypeA
1040,2025-04-09 06:41:20,30.51,33.29,BuildingA_Floor1,TypeC
1078,2025-04-10 14:22:19,19.14,62.99,BuildingB_Floor1,TypeB
1010,2025-04-10 19:58:25,17.05,70.77,BuildingA_Floor2,TypeC
1026,2025-04-07 00:55:01,30.11,48.12,BuildingA_Floor1,TypeB
1053,2025-04-09 19:23:16,26.42,53.37,BuildingB_Floor1,TypeB
1040,2025-04-07 14:07:39,19.65,65.89,BuildingB_Floor1,TypeA
1040,2025-04-06 23:49:01,24.86,52.5,BuildingB_Floor1,TypeC
1060,2025-04-08 06:36:14,29.29,48.58,BuildingA_Floor1,TypeA
1004,2025-04-11 10:14:09,18.71,39.52,BuildingA_Floor1,TypeA
1081,2025-04-07 08:04:29,30.32,30.81,BuildingB_Floor2,TypeC
1014,2025-04-11 07:29:05,17.78,46.85,BuildingB_Floor1,TypeA
1016,2025-04-09 01:00:31,24.65,33.52,BuildingB_Floor2,TypeC
1027,2025-04-08 22:14:57,21.13,31.79,BuildingB_Floor1,TypeB
1006,2025-04-11 05:58:09,25.01,47.63,BuildingB_Floor2,TypeA
1089,2025-04-07 14:52:17,20.71,33.23,BuildingA_Floor2,TypeB
1027,2025-04-10 22:58:24,16.67,54.19,BuildingA_Floor1,TypeC
1002,2025-04-09 23:06:52,20.48,34.13,BuildingA_Floor2,TypeB
1075,2025-04-08 10:20:11,24.81,41.63,BuildingB_Floor2,TypeC
1095,2025-04-10 01:53:19,25.19,66.62,BuildingA_Floor2,TypeB
1092,2025-04-08 22:40:22,21.58,70.35,BuildingB_Floor2,TypeB
1029,2025-04-09 03:22:59,22.26,74.27,BuildingA_Floor2,TypeC
1032,2025-04-11 13:51:46,19.87,31.17,BuildingA_Floor1,TypeC
1026,2025-04-10 01:06:30,27.79,73.59,BuildingB_Floor1,TypeC
1048,2025-04-07 18:43:37,20.04,67.92,BuildingB_Floor1,TypeC
1094,2025-04-09 22:09:54,32.89,61.44,BuildingA_Floor1,TypeA
1021,2025-04-08 08:52:15,20.54,36.37,BuildingA_Floor2,TypeA
1069,2025-04-09 21:22:57,20.28,36.91,BuildingA_Floor1,TypeC
1021,2025-04-07 13:46:10,19.38,46.92,BuildingA_Floor1,TypeC
1028,2025-04-09 21:14:08,17.28,43.12,BuildingB_Floor2,TypeB
1071,2025-04-07 10:02:00,16.89,65.54,BuildingB_Floor1,TypeC
1013,2025-04-08 23:37:43,32.22,37.45,BuildingB_Floor1,TypeC
1016,2025-04-07 03:36:20,22.05,57.67,BuildingA_Floor1,TypeA
1024,2025-04-11 10:10:24,19.93,72.96,BuildingB_Floor1,TypeB
1090,2025-04-06 23:13:38,26.92,67.7,BuildingB_Floor1,TypeB
1023,2025-04-11 15:28:03,21.65,68.1,BuildingB_Floor1,TypeA
1060,2025-04-07 08:02:07,32.26,38.64,BuildingA_Floor2,TypeA
1035,2025-04-08 13:30:39,24.89,35.13,BuildingB_Floor2,TypeC
1054,2025-04-07 06:35:12,34.05,50.21,BuildingB_Floor1,TypeA
1028,2025-04-08 09:14:08,27.59,62.65,BuildingB_Floor2,TypeA
1083,2025-04-10 05:51:32,26.16,72.71,BuildingB_Floor1,TypeA
1034,2025-04-10 21:08:53,25.46,75.57,BuildingB_Floor2,TypeC
1050,2025-04-09 05:00:20,18.83,44.06,BuildingA_Floor2,TypeC
1016,2025-04-07 13:07:26,21.22,69.7,BuildingA_Floor1,TypeA
1021,2025-04-08 22:15:18,23.19,75.61,BuildingA_Floor2,TypeA
1025,2025-04-09 10:05:55,23.54,67.16,BuildingA_Floor2,TypeC
1060,2025-04-10 00:02:50,26.31,73.64,BuildingB_Floor2,TypeB
1061,2025-04-11 03:50:11,15.72,50.59,BuildingB_Floor2,TypeB
1055,2025-04-11 16:27:47,23.48,49.42,BuildingA_Floor2,TypeA
1097,2025-04-08 08:20:41,26.23,66.96,BuildingA_Floor2,TypeC
1070,2025-04-11 06:09:51,28.98,64.54,BuildingB_Floor1,TypeA
1019,2025-04-08 18:26:32,24.59,50.51,BuildingB_Floor1,TypeB
1034,2025-04-07 12:51:27,31.95,35.59,BuildingA_Floor2,TypeA
1043,2025-04-09 23:37:25,15.77,62.58,BuildingB_Floor2,TypeC
1056,2025-04-10 10:48:12,24.64,46.09,BuildingB_Floor2,TypeC
1011,2025-04-09 20:06:34,20.13,71.63,BuildingA_Floor1,TypeB
1085,2025-04-09 05:38:28,20.68,61.57,BuildingB_Floor2,TypeC
1009,2025-04-11 19:15:04,24.59,77.26,BuildingB_Floor2,TypeB
1090,2025-04-11 14:27:12,15.06,33.87,BuildingB_Floor2,TypeB
1011,2025-04-07 14:05:16,25.58,49.69,BuildingB_Floor2,TypeB
1045,2025-04-11 16:25:40,32.42,63.98,BuildingB_Floor1,TypeC
1062,2025-04-09 17:01:42,25.38,47.62,BuildingB_Floor1,TypeC
1098,2025-04-08 14:50:10,17.46,58.32,BuildingB_Floor2,TypeC
1046,2025-04-11 10:04:52,28.71,47.57,BuildingB_Floor1,TypeC
1084,2025-04-07 03:59:36,28.73,78.44,BuildingA_Floor1,TypeC
1036,2025-04-09 01:42:53,21.65,50.49,BuildingB_Floor1,TypeC
1045,2025-04-07 03:04:09,17.03,32.58,BuildingB_Floor1,TypeB
1014,2025-04-08 12:31:19,32.4,52.75,BuildingA_Floor2,TypeC
1038,2025-04-07 06:30:47,27.79,51.94,BuildingB_Floor1,TypeC
1019,2025-04-09 04:11:12,31.93,69.91,BuildingB_Floor2,TypeB
1059,2025-04-10 16:59:57,24.11,38.07,BuildingA_Floor1,TypeA
1000,2025-04-07 02:03:26,16.33,57.83,BuildingA_Floor1,TypeB
1049,2025-04-10 08:32:43,18.41,55.72,BuildingB_Floor2,TypeC
1046,2025-04-09 15:50:08,33.76,33.57,BuildingB_Floor2,TypeC
1012,2025-04-09 06:33:02,15.9,31.59,BuildingB_Floor1,TypeA
1009,2025-04-07 01:31:03,19.17,57.3,BuildingB_Floor2,TypeC
1074,2025-04-09 21:37:05,26.24,68.46,BuildingB_Floor1,TypeA
1003,2025-04-09 01:47:05,18.55,55.87,BuildingB_Floor2,TypeA
1095,2025-04-07 10:16:51,24.78,30.62,BuildingA_Floor2,TypeA
1020,2025-04-07 06:54:33,33.75,65.47,BuildingA_Floor2,TypeB
1020,2025-04-11 15:39:35,30.41,58.65,BuildingA_Floor1,TypeC
1026,2025-04-11 05:46:12,24.08,51.05,BuildingB_Floor1,TypeC
1023,2025-04-11 20:23:58,16.88,68.27,BuildingA_Floor1,TypeC
1093,2025-04-07 21:54:14,21.36,59.78,BuildingA_Floor2,TypeA
1019,2025-04-08 02:57:08,26.81,37.3,BuildingA_Floor2,TypeA
1070,2025-04-10 01:06:54,31.29,60.63,BuildingB_Floor1,TypeA
1063,2025-04-07 23:39:04,23.12,47.49,BuildingB_Floor1,TypeB
1100,2025-04-07 05:10:25,19.6,37.63,BuildingB_Floor2,TypeC
1002,2025-04-10 17:50:20,25.5,75.52,BuildingB_Floor1,TypeA
1090,2025-04-11 08:40:04,26.51,65.9,BuildingA_Floor1,TypeC
1048,2025-04-07 22:19:41,23.74,49.59,BuildingB_Floor1,TypeA
1037,2025-04-08 15:30:08,34.37,54.84,BuildingB_Floor2,TypeA
1068,2025-04-08 03:13:23,17.07,57.08,BuildingB_Floor1,TypeB
1052,2025-04-08 20:40:58,26.07,34.19,BuildingA_Floor1,TypeA
1081,2025-04-10 21:53:21,34.22,60.42,BuildingA_Floor1,TypeC
1077,2025-04-11 01:55:17,15.9,48.56,BuildingA_Floor1,TypeA
1082,2025-04-11 12:21:20,17.92,34.16,BuildingB_Floor2,TypeB
1089,2025-04-09 03:57:50,21.36,41.99,BuildingA_Floor2,TypeB
1068,2025-04-09 23:08:20,18.12,34.64,BuildingB_Floor2,TypeB
1091,2025-04-09 21:53:29,29.25,31.29,BuildingA_Floor1,TypeC
1077,2025-04-11 20:33:17,22.54,70.17,BuildingB_Floor2,TypeB
1059,2025-04-07 11:57:09,19.34,66.92,BuildingB_Floor1,TypeA
1087,2025-04-10 15:40:06,27.27,46.41,BuildingB_Floor2,TypeC
1094,2025-04-07 09:37:04,20.03,76.37,BuildingB_Floor2,TypeC
1077,2025-04-08 23:25:37,23.54,56.44,BuildingB_Floor1,TypeA
1080,2025-04-09 16:53:34,21.75,46.65,BuildingA_Floor2,TypeB
1060,2025-04-09 22:39:49,26.0,71.67,BuildingB_Floor1,TypeA
1083,2025-04-09 13:54:40,31.95,74.05,BuildingB_Floor1,TypeB
1010,2025-04-08 21:32:55,21.95,51.99,BuildingA_Floor2,TypeC
1015,2025-04-07 00:56:06,29.17,52.36,BuildingB_Floor2,TypeB
1060,2025-04-11 17:45:57,30.6,41.55,BuildingB_Floor1,TypeA
1054,2025-04-10 19:24:53,31.86,39.08,BuildingA_Floor2,TypeB
1062,2025-04-08 10:17:03,28.25,47.58,BuildingA_Floor1,TypeB
1084,2025-04-07 14:53:23,19.17,49.7,BuildingA_Floor2,TypeB
1054,2025-04-08 04:55:59,26.87,77.63,BuildingA_Floor1,TypeC
1042,2025-04-09 03:30:43,33.03,79.99,BuildingA_Floor1,TypeA
1042,2025-04-07 19:49:54,33.4,34.27,BuildingB_Floor2,TypeA
1080,2025-04-07 13:44:21,28.31,69.51,BuildingA_Floor1,TypeA
1074,2025-04-09 01:51:03,31.42,64.31,BuildingB_Floor1,TypeB
1087,2025-04-11 00:37:40,17.76,78.42,BuildingA_Floor1,TypeA
1050,2025-04-11 21:18:15,28.27,79.77,BuildingA_Floor2,TypeB
1098,2025-04-11 13:31:21,33.79,49.64,BuildingA_Floor1,TypeC
1092,2025-04-10 05:25:55,26.69,53.22,BuildingB_Floor2,TypeA
1016,2025-04-10 18:09:11,27.6,76.37,BuildingA_Floor1,TypeA
1091,2025-04-10 14:00:00,34.18,37.12,BuildingA_Floor1,TypeA
1055,2025-04-10 00:41:34,17.71,55.09,BuildingB_Floor1,TypeB
1046,2025-04-11 22:06:10,29.2,79.36,BuildingA_Floor2,TypeA
1014,2025-04-11 01:39:56,15.6,31.38,BuildingB_Floor1,TypeB
1048,2025-04-11 01:58:10,25.91,53.36,BuildingA_Floor1,TypeB
1082,2025-04-09 22:16:35,16.56,44.8,BuildingA_Floor1,TypeC
1011,2025-04-07 01:40:20,26.26,64.65,BuildingA_Floor2,TypeC
1039,2025-04-11 21:30:16,32.32,68.99,BuildingB_Floor1,TypeC
1092,2025-04-08 00:02:01,24.99,72.91,BuildingB_Floor1,TypeC
1043,2025-04-10 08:21:23,31.68,60.9,BuildingB_Floor1,TypeC
1066,2025-04-09 09:30:49,27.86,38.92,BuildingB_Floor2,TypeB
1061,2025-04-07 02:49:30,28.67,72.16,BuildingB_Floor2,TypeA
1076,2025-04-07 06:13:13,22.75,36.65,BuildingB_Floor1,TypeC
1005,2025-04-09 02:16:08,31.43,46.06,BuildingB_Floor2,TypeB
1072,2025-04-11 19:39:50,27.75,41.04,BuildingB_Floor1,TypeA
1023,2025-04-08 06:11:54,23.18,71.81,BuildingB_Floor1,TypeA
1093,2025-04-08 16:29:41,28.69,68.96,BuildingA_Floor2,TypeB
1072,2025-04-11 07:16:27,30.69,73.31,BuildingB_Floor2,TypeB
1062,2025-04-09 20:44:22,21.84,69.88,BuildingB_Floor2,TypeB
1055,2025-04-10 11:05:49,22.89,46.16,BuildingB_Floor1,TypeA
1094,2025-04-10 22:40:55,34.6,38.96,BuildingA_Floor1,TypeC
1085,2025-04-08 06:45:29,19.81,37.15,BuildingB_Floor2,TypeB
1018,2025-04-09 14:35:28,25.61,56.05,BuildingA_Floor2,TypeC
1000,2025-04-07 18:24:39,30.03,53.45,BuildingB_Floor1,TypeA
1031,2025-04-10 07:48:34,15.77,74.89,BuildingA_Floor2,TypeA
1077,2025-04-07 09:31:24,26.77,37.9,BuildingA_Floor1,TypeB
1087,2025-04-09 20:48:29,25.86,60.45,BuildingB_Floor1,TypeA
1097,2025-04-11 16:26:56,25.83,39.45,BuildingB_Floor1,TypeB
1070,2025-04-11 04:14:06,18.85,59.85,BuildingB_Floor2,TypeC
1022,2025-04-11 02:22:39,23.23,40.59,BuildingB_Floor1,TypeA
1021,2025-04-11 19:24:40,26.51,54.72,BuildingB_Floor1,TypeC
1061,2025-04-08 07:39:00,27.86,38.49,BuildingA_Floor2,TypeA
1087,2025-04-07 05:21:08,20.35,74.53,BuildingB_Floor1,TypeC
1013,2025-04-07 08:37:31,22.71,51.0,BuildingA_Floor2,TypeC
1011,2025-04-11 10:24:59,34.59,43.87,BuildingA_Floor1,TypeA
1075,2025-04-09 05:20:16,26.58,67.07,BuildingB_Floor1,TypeB
1067,2025-04-11 17:12:16,25.03,67.6,BuildingA_Floor2,TypeB
1030,2025-04-07 14:41:29,29.05,34.36,BuildingB_Floor2,TypeC
1015,2025-04-09 10:13:56,15.82,76.95,BuildingB_Floor1,TypeB
1008,2025-04-10 16:34:48,34.36,75.96,BuildingB_Floor1,TypeB
1054,2025-04-08 04:35:49,33.2,71.02,BuildingA_Floor2,TypeC
1004,2025-04-08 09:31:40,15.95,65.32,BuildingA_Floor2,TypeA
1028,2025-04-11 06:25:54,29.71,77.86,BuildingB_Floor1,TypeB
1026,2025-04-07 08:57:31,22.67,68.79,BuildingA_Floor2,TypeA
1035,2025-04-08 10:53:54,20.57,40.38,BuildingA_Floor2,TypeB
1082,2025-04-10 14:18:16,31.44,47.56,BuildingA_Floor1,TypeC
1052,2025-04-08 14:03:13,27.34,57.2,BuildingB_Floor2,TypeC
1036,2025-04-07 17:03:43,20.87,68.26,BuildingA_Floor1,TypeC
1057,2025-04-09 23:06:02,22.62,34.4,BuildingA_Floor1,TypeB
1004,2025-04-10 02:37:36,31.6,77.28,BuildingB_Floor1,TypeA
1071,2025-04-07 17:40:46,22.01,45.66,BuildingB_Floor2,TypeC
1087,2025-04-08 13:24:17,19.57,43.93,BuildingB_Floor1,TypeB
1027,2025-04-08 10:25:36,24.74,75.07,BuildingA_Floor1,TypeA
1023,2025-04-09 12:25:17,15.09,44.49,BuildingA_Floor1,TypeC
1074,2025-04-09 22:02:38,26.09,31.77,BuildingA_Floor2,TypeC
1038,2025-04-10 01:37:20,16.6,51.98,BuildingB_Floor1,TypeB
1039,2025-04-08 21:08:15,17.92,76.51,BuildingB_Floor1,TypeA
1070,2025-04-10 03:46:32,26.58,30.15,BuildingA_Floor1,TypeC
1065,2025-04-08 06:47:12,20.5,72.47,BuildingB_Floor2,TypeA
1002,2025-04-11 02:16:07,24.53,36.79,BuildingB_Floor1,TypeB
1061,2025-04-10 22:29:47,29.14,47.07,BuildingA_Floor1,TypeA
1033,2025-04-07 16:55:22,30.53,38.36,BuildingA_Floor1,TypeA
1054,2025-04-09 03:42:25,26.91,48.36,BuildingA_Floor2,TypeC
1091,2025-04-07 01:19:37,32.75,48.72,BuildingB_Floor2,TypeC
1100,2025-04-09 12:58:47,29.49,66.43,BuildingB_Floor2,TypeC
1018,2025-04-07 08:05:04,27.16,61.92,BuildingB_Floor1,TypeB
1049,2025-04-09 02:55:16,24.02,45.8,BuildingA_Floor1,TypeC
1047,2025-04-08 18:14:32,33.19,77.06,BuildingA_Floor1,TypeC
1075,2025-04-09 13:04:23,32.48,73.76,BuildingB_Floor2,TypeB
1086,2025-04-11 05:19:18,25.01,52.03,BuildingA_Floor1,TypeA
1071,2025-04-08 16:02:52,18.02,55.16,BuildingA_Floor1,TypeC
1002,2025-04-08 21:09:26,21.45,59.79,BuildingA_Floor1,TypeC
1065,2025-04-08 11:07:39,24.37,32.18,BuildingB_Floor1,TypeA
1073,2025-04-10 14:24:53,34.26,64.17,BuildingB_Floor2,TypeB
1004,2025-04-08 04:00:14,22.36,59.64,BuildingB_Floor1,TypeB
1036,2025-04-07 19:28:30,22.5,41.97,BuildingB_Floor1,TypeA
1097,2025-04-09 09:59:29,25.15,62.52,BuildingB_Floor1,TypeC
1008,2025-04-07 01:15:25,26.16,48.14,BuildingB_Floor2,TypeA
1066,2025-04-11 06:19:16,32.2,41.81,BuildingB_Floor1,TypeB
1095,2025-04-09 04:19:11,25.45,73.99,BuildingB_Floor2,TypeA
1031,2025-04-08 01:37:55,24.99,66.68,BuildingB_Floor1,TypeC
1088,2025-04-09 00:57:17,22.33,51.93,BuildingA_Floor2,TypeB
1036,2025-04-06 23:32:46,33.08,54.24,BuildingA_Floor1,TypeC
1069,2025-04-09 08:50:33,28.58,31.21,BuildingA_Floor1,TypeC
1063,2025-04-08 15:18:59,19.01,39.19,BuildingA_Floor2,TypeA
1044,2025-04-09 07:44:30,24.68,43.63,BuildingA_Floor1,TypeA
1018,2025-04-10 11:33:31,17.6,79.02,BuildingB_Floor1,TypeC
1083,2025-04-09 01:57:07,18.46,70.58,BuildingB_Floor1,TypeC
1082,2025-04-09 00:24:51,17.92,57.72,BuildingB_Floor1,TypeB
1089,2025-04-08 22:50:16,18.41,72.12,BuildingA_Floor1,TypeA
1079,2025-04-09 12:25:03,18.34,37.17,BuildingA_Floor2,TypeA
1050,2025-04-09 23:04:21,33.37,69.92,BuildingB_Floor1,TypeA
1063,2025-04-10 05:03:29,29.07,32.94,BuildingA_Floor1,TypeC
1091,2025-04-09 16:44:42,32.54,63.91,BuildingA_Floor2,TypeC
1000,2025-04-11 06:37:02,17.27,76.16,BuildingB_Floor2,TypeA
1057,2025-04-07 03:07:48,19.39,76.61,BuildingA_Floor1,TypeA
1058,2025-04-11 01:58:33,23.75,45.27,BuildingA_Floor2,TypeC
1046,2025-04-09 09:59:43,27.53,41.15,BuildingB_Floor2,TypeC
1094,2025-04-10 10:13:46,26.9,34.6,BuildingB_Floor2,TypeB
1063,2025-04-07 22:00:47,17.5,54.71,BuildingA_Floor2,TypeB
1085,2025-04-10 23:23:14,28.01,42.51,BuildingB_Floor2,TypeA
1013,2025-04-07 06:57:02,20.94,74.79,BuildingB_Floor1,TypeB
1057,2025-04-10 12:11:33,15.91,42.22,BuildingA_Floor2,TypeC
1046,2025-04-10 20:25:31,24.39,31.87,BuildingA_Floor1,TypeB
1094,2025-04-10 09:26:32,29.71,76.58,BuildingA_Floor2,TypeA
1043,2025-04-11 03:23:30,34.21,52.0,BuildingB_Floor1,TypeA
1080,2025-04-07 03:26:57,32.88,62.55,BuildingB_Floor1,TypeB
1078,2025-04-11 14:41:18,30.54,74.06,BuildingA_Floor1,TypeB
1096,2025-04-07 01:31:59,22.59,48.09,BuildingB_Floor2,TypeB
1039,2025-04-07 20:00:11,24.25,63.36,BuildingB_Floor1,TypeA
1017,2025-04-10 18:57:06,25.19,69.23,BuildingB_Floor2,TypeA
1046,2025-04-10 20:24:19,16.69,48.67,BuildingB_Floor1,TypeC
1029,2025-04-10 12:15:43,28.55,49.39,BuildingA_Floor2,TypeC
1027,2025-04-11 05:44:51,16.78,67.49,BuildingB_Floor1,TypeB
1013,2025-04-09 19:53:18,32.2,79.54,BuildingA_Floor1,TypeC
1007,2025-04-09 03:12:43,28.06,53.39,BuildingB_Floor1,TypeA
1089,2025-04-10 17:03:14,15.74,33.02,BuildingB_Floor1,TypeA
1025,2025-04-10 23:18:54,26.05,33.18,BuildingA_Floor1,TypeC
1099,2025-04-09 02:28:05,26.13,53.02,BuildingB_Floor1,TypeA
1073,2025-04-07 17:58:34,20.36,37.36,BuildingB_Floor2,TypeB
1051,2025-04-10 01:47:01,30.97,53.31,BuildingB_Floor1,TypeC
1013,2025-04-11 15:25:14,20.11,33.49,BuildingB_Floor2,TypeC
1090,2025-04-09 07:04:24,19.12,44.63,BuildingA_Floor2,TypeA
1062,2025-04-11 03:36:08,29.04,30.14,BuildingB_Floor1,TypeB
1064,2025-04-11 12:32:33,20.4,64.6,BuildingA_Floor2,TypeC
1033,2025-04-09 19:58:06,31.68,77.76,BuildingB_Floor2,TypeB
1031,2025-04-09 05:21:51,32.12,57.51,BuildingA_Floor2,TypeA
1056,2025-04-11 01:04:58,25.17,71.62,BuildingA_Floor1,TypeB
1060,2025-04-07 02:10:33,25.02,51.52,BuildingA_Floor1,TypeB
1006,2025-04-08 22:00:08,28.55,45.15,BuildingA_Floor1,TypeC
1022,2025-04-08 02:24:38,21.58,50.97,BuildingB_Floor1,TypeB
1097,2025-04-09 08:51:12,25.58,54.52,BuildingB_Floor1,TypeC
1021,2025-04-08 12:23:00,16.3,70.71,BuildingB_Floor1,TypeC
1077,2025-04-10 10:26:43,17.07,70.17,BuildingB_Floor2,TypeB
1054,2025-04-09 01:31:09,20.06,58.15,BuildingB_Floor1,TypeA
1030,2025-04-11 17:52:57,30.32,47.07,BuildingA_Floor1,TypeA
1067,2025-04-11 13:59:41,18.33,30.31,BuildingB_Floor2,TypeC
1028,2025-04-10 02:27:51,26.9,50.58,BuildingB_Floor2,TypeC
1080,2025-04-07 06:10:54,29.29,69.12,BuildingB_Floor1,TypeC
1088,2025-04-11 03:57:55,15.88,59.21,BuildingB_Floor2,TypeA
1002,2025-04-07 03:46:45,34.71,34.84,BuildingA_Floor1,TypeB
1070,2025-04-08 17:32:36,16.53,56.11,BuildingB_Floor2,TypeB
1049,2025-04-08 11:51:57,33.26,46.17,BuildingB_Floor2,TypeB
1097,2025-04-10 09:02:16,15.8,30.87,BuildingA_Floor1,TypeC
1062,2025-04-10 20:34:44,18.7,34.0,BuildingB_Floor1,TypeC
1029,2025-04-10 04:41:01,29.54,67.42,BuildingB_Floor2,TypeB
1015,2025-04-09 15:23:51,20.14,30.51,BuildingB_Floor2,TypeA
1049,2025-04-09 23:17:56,19.27,40.16,BuildingB_Floor1,TypeA
1063,2025-04-08 12:06:36,24.18,59.63,BuildingA_Floor1,TypeB
1037,2025-04-08 11:45:34,29.02,63.1,BuildingA_Floor2,TypeC
1042,2025-04-07 06:23:55,27.17,71.93,BuildingA_Floor2,TypeB
1038,2025-04-11 00:51:16,20.9,55.22,BuildingA_Floor2,TypeB
1021,2025-04-10 17:35:38,32.42,38.23,BuildingA_Floor1,TypeA
1017,2025-04-07 23:51:24,32.8,64.66,BuildingA_Floor1,TypeC
1050,2025-04-09 00:58:29,28.49,47.36,BuildingA_Floor2,TypeA
1013,2025-04-08 23:17:03,27.75,48.31,BuildingB_Floor1,TypeC
1007,2025-04-07 01:24:42,15.63,38.81,BuildingB_Floor2,TypeB
1084,2025-04-11 21:16:46,24.06,41.54,BuildingB_Floor2,TypeC
1039,2025-04-09 12:39:29,16.14,58.37,BuildingA_Floor2,TypeB
1021,2025-04-10 12:29:17,20.83,32.22,BuildingA_Floor2,TypeB
1068,2025-04-11 07:21:03,33.09,59.97,BuildingB_Floor2,TypeB
1063,2025-04-07 05:11:42,31.27,65.99,BuildingA_Floor2,TypeB
1095,2025-04-09 00:36:30,25.49,57.65,BuildingB_Floor2,TypeC
1030,2025-04-09 03:42:57,22.11,43.78,BuildingA_Floor1,TypeA
1067,2025-04-09 23:28:43,30.79,54.56,BuildingB_Floor2,TypeC
1031,2025-04-07 16:37:42,18.25,34.87,BuildingA_Floor1,TypeA
1042,2025-04-11 05:12:45,31.15,54.77,BuildingA_Floor1,TypeA
1098,2025-04-07 17:50:27,31.29,51.56,BuildingA_Floor2,TypeC
1099,2025-04-08 04:54:34,18.86,74.89,BuildingB_Floor1,TypeC
1083,2025-04-10 03:27:51,29.36,51.85,BuildingA_Floor2,TypeA
1012,2025-04-09 09:25:28,19.94,64.1,BuildingB_Floor2,TypeB
